INSERT INTO LOAITK VALUES ('LK00001', N'Admin')
INSERT INTO LOAITK VALUES ('LK00002', N'User')

INSERT INTO TAIKHOAN VALUES ('user', 'd95c2712448b912279457601ae231a42', '2021-03-16 12:54:33.240', 1, 'LK00002')
INSERT INTO TAIKHOAN VALUES ('admin', 'e10adc3949ba59abbe56e057f20f883e', '2021-03-16 12:54:33.240', 1, 'LK00001')


INSERT INTO THUONGHIEU VALUES (N'Vàng SJC', N'TH00001.jpg')
INSERT INTO THUONGHIEU VALUES (N'Vàng Phượng Hoàng PNJ', N'TH00002.jpg')
INSERT INTO THUONGHIEU VALUES (N'Vàng AJC', N'TH00003.jpg')

INSERT INTO LOAISANPHAM VALUES ('LP00001', N'Vàng')
INSERT INTO LOAISANPHAM VALUES ('LP00002', N'Bạc')

INSERT INTO SANPHAM VALUES (N'Đồng hồ Tissot T106.417.16.031.00', N'SP00001.jpg', N'SP00001', N'Dây chuyền , nhẫn , trang sức vàng bạc uy tín thể hiện đẳng cấp', 1, N'Địa chỉ toàn cầu tại Việt Nam uy tín chất lượng  - Bảo hành bảo dưỡng nhanh chóng  . Được uỷ quyền phân phối từ các thương hiệu nội tiếng trên thế giới ', 3, 'LP00001', 11930000)
INSERT INTO SANPHAM VALUES (N'Đồng hồ Tissot T085.410.22.013.00', N'SP00002.jpg', N'SP00002', N'Dây chuyền , nhẫn , trang sức vàng bạc uy tín thể hiện đẳng cấp', 1, N'Địa chỉ toàn cầu tại Việt Nam uy tín chất lượng  - Bảo hành bảo dưỡng nhanh chóng  . Được uỷ quyền phân phối từ các thương hiệu nội tiếng trên thế giới ', 4, 'LP00001', 10980000)
INSERT INTO SANPHAM VALUES (N'Đồng hồ Tissot T063.617.36.037.00', N'SP00003.jpg', N'SP00003', N'Dây chuyền , nhẫn , trang sức vàng bạc uy tín thể hiện đẳng cấp', 1, N'Địa chỉ toàn cầu tại Việt Nam uy tín chất lượng  - Bảo hành bảo dưỡng nhanh chóng  . Được uỷ quyền phân phối từ các thương hiệu nội tiếng trên thế giới ', 6, 'LP00001', 14060000)
INSERT INTO SANPHAM VALUES (N'Đồng hồ Frederique Constant FC-282AS5B4', N'SP00004.jpg', N'SP00004', N'Dây chuyền , nhẫn , trang sức vàng bạc uy tín thể hiện đẳng cấp', 2, N'Địa chỉ toàn cầu tại Việt Nam uy tín chất lượng  - Bảo hành bảo dưỡng nhanh chóng  . Được uỷ quyền phân phối từ các thương hiệu nội tiếng trên thế giới ', 2, 'LP00001', 27040000)
INSERT INTO SANPHAM VALUES (N'Đồng hồ Tissot T006.408.22.037.00', N'SP00005.jpg', N'SP00005', N'Dây chuyền , nhẫn , trang sức vàng bạc uy tín thể hiện đẳng cấp', 1, N'Địa chỉ toàn cầu tại Việt Nam uy tín chất lượng  - Bảo hành bảo dưỡng nhanh chóng  . Được uỷ quyền phân phối từ các thương hiệu nội tiếng trên thế giới ', 4, 'LP00001', 36020000)
INSERT INTO SANPHAM VALUES (N'Đồng hồ Tissot T063.907.36.068.00', N'SP00006.jpg', N'SP00006', N'Dây chuyền , nhẫn , trang sức vàng bạc uy tín thể hiện đẳng cấp', 1, N'Địa chỉ toàn cầu tại Việt Nam uy tín chất lượng  - Bảo hành bảo dưỡng nhanh chóng  . Được uỷ quyền phân phối từ các thương hiệu nội tiếng trên thế giới ', 7, 'LP00001', 21940000)
INSERT INTO SANPHAM VALUES (N'Đồng hồ CK (Calvin Klein) K6L2M116', N'SP00007.jpg', N'SP00007', N'Dây chuyền , nhẫn , trang sức vàng bạc uy tín thể hiện đẳng cấp', 3, N'Địa chỉ toàn cầu tại Việt Nam uy tín chất lượng  - Bảo hành bảo dưỡng nhanh chóng  . Được uỷ quyền phân phối từ các thương hiệu nội tiếng trên thế giới ', 1, 'LP00002', 6820000)
INSERT INTO SANPHAM VALUES (N'Đồng hồ CK (Calvin Klein) K5U2M141', N'SP00008.jpg', N'SP00008', N'Dây chuyền , nhẫn , trang sức vàng bạc uy tín thể hiện đẳng cấp', 3, N'Địa chỉ toàn cầu tại Việt Nam uy tín chất lượng  - Bảo hành bảo dưỡng nhanh chóng  . Được uỷ quyền phân phối từ các thương hiệu nội tiếng trên thế giới ', 3, 'LP00002', 7650000)
INSERT INTO SANPHAM VALUES (N'Đồng hồ Tissot T086.407.22.051.00', N'SP00009.jpg', N'SP00009', N'Dây chuyền , nhẫn , trang sức vàng bạc uy tín thể hiện đẳng cấp', 1, N'Địa chỉ toàn cầu tại Việt Nam uy tín chất lượng  - Bảo hành bảo dưỡng nhanh chóng  . Được uỷ quyền phân phối từ các thương hiệu nội tiếng trên thế giới ', 2, 'LP00001', 27900000)
INSERT INTO SANPHAM VALUES (N'Đồng hồ Frederique Constant FC-200V5S35', N'SP00010.jpg', N'SP00010', N'Dây chuyền , nhẫn , trang sức vàng bạc uy tín thể hiện đẳng cấp', 2, N'Địa chỉ toàn cầu tại Việt Nam uy tín chất lượng  - Bảo hành bảo dưỡng nhanh chóng  . Được uỷ quyền phân phối từ các thương hiệu nội tiếng trên thế giới ', 2, 'LP00001', 14630000)
INSERT INTO SANPHAM VALUES (N'Đồng hồ Tissot T060.407.22.051.00', N'SP00011.jpg', N'SP00011', N'Dây chuyền , nhẫn , trang sức vàng bạc uy tín thể hiện đẳng cấp', 1, N'Địa chỉ toàn cầu tại Việt Nam uy tín chất lượng  - Bảo hành bảo dưỡng nhanh chóng  . Được uỷ quyền phân phối từ các thương hiệu nội tiếng trên thế giới ', 3, 'LP00001', 23130000)
INSERT INTO SANPHAM VALUES (N'Đồng hồ Tissot T101.452.11.031.00', N'SP00012.jpg', N'SP00012', N'Dây chuyền , nhẫn , trang sức vàng bạc uy tín thể hiện đẳng cấp', 1, N'Địa chỉ toàn cầu tại Việt Nam uy tín chất lượng  - Bảo hành bảo dưỡng nhanh chóng  . Được uỷ quyền phân phối từ các thương hiệu nội tiếng trên thế giới ', 3, 'LP00001', 10260000)
INSERT INTO SANPHAM VALUES (N'Đồng hồ CK (Calvin Klein) K0K21107', N'SP00013.jpg', N'SP00013', N'Dây chuyền , nhẫn , trang sức vàng bạc uy tín thể hiện đẳng cấp', 3, N'Địa chỉ toàn cầu tại Việt Nam uy tín chất lượng  - Bảo hành bảo dưỡng nhanh chóng  . Được uỷ quyền phân phối từ các thương hiệu nội tiếng trên thế giới', 5, 'LP00001', 7360000)
INSERT INTO SANPHAM VALUES (N'Đồng hồ Frederique Constant FC-312G4S4', N'SP00014.jpg', N'SP00014', N'Dây chuyền , nhẫn , trang sức vàng bạc uy tín thể hiện đẳng cấp', 2, N'Địa chỉ toàn cầu tại Việt Nam uy tín chất lượng  - Bảo hành bảo dưỡng nhanh chóng  . Được uỷ quyền phân phối từ các thương hiệu nội tiếng trên thế giới', 4, 'LP00001', 54300000)

