INSERT INTO LOAITK VALUES ('LK00001', N'Admin')
INSERT INTO LOAITK VALUES ('LK00002', N'User')

INSERT INTO TAIKHOAN VALUES ('user', 'e10adc3949ba59abbe56e057f20f883e', '2021-03-16 12:54:33.240', 1, 'LK00002')
INSERT INTO TAIKHOAN VALUES ('admin', 'e10adc3949ba59abbe56e057f20f883e', '2021-03-16 12:54:33.240', 1, 'LK00001')


INSERT INTO THUONGHIEU VALUES (N'Vàng SJC', N'TH00001.png')
INSERT INTO THUONGHIEU VALUES (N'Vàng Phượng Hoàng PNJ', N'TH00002.png')
INSERT INTO THUONGHIEU VALUES (N'Vàng AJC', N'TH00003.png')

INSERT INTO LOAISANPHAM VALUES ('LP00001', N'Bạc')
INSERT INTO LOAISANPHAM VALUES ('LP00002', N'Vàng')

INSERT INTO SANPHAM VALUES (N'Nhẫn Bạc T01293', N'SP00001.png', N'SP00001', N'Dây chuyền , nhẫn , trang sức vàng bạc uy tín thể hiện đẳng cấp', 1, N'Địa chỉ toàn cầu tại Việt Nam uy tín chất lượng  - Bảo hành bảo dưỡng nhanh chóng  . Được uỷ quyền phân phối từ các thương hiệu nội tiếng trên thế giới ', 3, 'LP00001', 11930000)
INSERT INTO SANPHAM VALUES (N'Lắc tay Bạc M09212', N'SP00002.png', N'SP00002', N'Dây chuyền , nhẫn , trang sức vàng bạc uy tín thể hiện đẳng cấp', 1, N'Địa chỉ toàn cầu tại Việt Nam uy tín chất lượng  - Bảo hành bảo dưỡng nhanh chóng  . Được uỷ quyền phân phối từ các thương hiệu nội tiếng trên thế giới ', 4, 'LP00001', 10980000)
INSERT INTO SANPHAM VALUES (N'Nhẫn Bạc M03912', N'SP00003.png', N'SP00003', N'Dây chuyền , nhẫn , trang sức vàng bạc uy tín thể hiện đẳng cấp', 1, N'Địa chỉ toàn cầu tại Việt Nam uy tín chất lượng  - Bảo hành bảo dưỡng nhanh chóng  . Được uỷ quyền phân phối từ các thương hiệu nội tiếng trên thế giới ', 6, 'LP00001', 14060000)
INSERT INTO SANPHAM VALUES (N'Nhẫn Bạc Q48172', N'SP00004.png', N'SP00004', N'Dây chuyền , nhẫn , trang sức vàng bạc uy tín thể hiện đẳng cấp', 2, N'Địa chỉ toàn cầu tại Việt Nam uy tín chất lượng  - Bảo hành bảo dưỡng nhanh chóng  . Được uỷ quyền phân phối từ các thương hiệu nội tiếng trên thế giới ', 2, 'LP00001', 27040000)
INSERT INTO SANPHAM VALUES (N'Nhẫn Bạc H92098', N'SP00005.png', N'SP00005', N'Dây chuyền , nhẫn , trang sức vàng bạc uy tín thể hiện đẳng cấp', 1, N'Địa chỉ toàn cầu tại Việt Nam uy tín chất lượng  - Bảo hành bảo dưỡng nhanh chóng  . Được uỷ quyền phân phối từ các thương hiệu nội tiếng trên thế giới ', 4, 'LP00001', 36020000)
INSERT INTO SANPHAM VALUES (N'Lắc Tay Vàng G1254', N'SP00006.png', N'SP00006', N'Dây chuyền , nhẫn , trang sức vàng bạc uy tín thể hiện đẳng cấp', 1, N'Địa chỉ toàn cầu tại Việt Nam uy tín chất lượng  - Bảo hành bảo dưỡng nhanh chóng  . Được uỷ quyền phân phối từ các thương hiệu nội tiếng trên thế giới ', 7, 'LP00002', 21940000)
INSERT INTO SANPHAM VALUES (N'Lắc Tay Vàng H12355', N'SP00007.png', N'SP00007', N'Dây chuyền , nhẫn , trang sức vàng bạc uy tín thể hiện đẳng cấp', 3, N'Địa chỉ toàn cầu tại Việt Nam uy tín chất lượng  - Bảo hành bảo dưỡng nhanh chóng  . Được uỷ quyền phân phối từ các thương hiệu nội tiếng trên thế giới ', 1, 'LP00002', 6820000)
INSERT INTO SANPHAM VALUES (N'Lắc Tay Vàng H82761', N'SP00008.png', N'SP00008', N'Dây chuyền , nhẫn , trang sức vàng bạc uy tín thể hiện đẳng cấp', 3, N'Địa chỉ toàn cầu tại Việt Nam uy tín chất lượng  - Bảo hành bảo dưỡng nhanh chóng  . Được uỷ quyền phân phối từ các thương hiệu nội tiếng trên thế giới ', 3, 'LP00002', 7650000)
INSERT INTO SANPHAM VALUES (N'Vòng Cổ Vàng M28718', N'SP00009.png', N'SP00009', N'Dây chuyền , nhẫn , trang sức vàng bạc uy tín thể hiện đẳng cấp', 1, N'Địa chỉ toàn cầu tại Việt Nam uy tín chất lượng  - Bảo hành bảo dưỡng nhanh chóng  . Được uỷ quyền phân phối từ các thương hiệu nội tiếng trên thế giới ', 2, 'LP00002', 27900000)
INSERT INTO SANPHAM VALUES (N'Nhẫn Đôi Vàng G728237', N'SP00010.png', N'SP00010', N'Dây chuyền , nhẫn , trang sức vàng bạc uy tín thể hiện đẳng cấp', 2, N'Địa chỉ toàn cầu tại Việt Nam uy tín chất lượng  - Bảo hành bảo dưỡng nhanh chóng  . Được uỷ quyền phân phối từ các thương hiệu nội tiếng trên thế giới ', 2, 'LP00002', 14630000)
INSERT INTO SANPHAM VALUES (N'Nhẫn Vàng đính đá M81298', N'SP00011.png', N'SP00011', N'Dây chuyền , nhẫn , trang sức vàng bạc uy tín thể hiện đẳng cấp', 1, N'Địa chỉ toàn cầu tại Việt Nam uy tín chất lượng  - Bảo hành bảo dưỡng nhanh chóng  . Được uỷ quyền phân phối từ các thương hiệu nội tiếng trên thế giới ', 3, 'LP00002', 23130000)
INSERT INTO SANPHAM VALUES (N'Nhẫn Vàng K9826', N'SP00012.png', N'SP00012', N'Dây chuyền , nhẫn , trang sức vàng bạc uy tín thể hiện đẳng cấp', 1, N'Địa chỉ toàn cầu tại Việt Nam uy tín chất lượng  - Bảo hành bảo dưỡng nhanh chóng  . Được uỷ quyền phân phối từ các thương hiệu nội tiếng trên thế giới ', 3, 'LP00002', 10260000)
INSERT INTO SANPHAM VALUES (N'Nhẫn Vàng I2341 ', N'SP00013.png', N'SP00013', N'Dây chuyền , nhẫn , trang sức vàng bạc uy tín thể hiện đẳng cấp', 3, N'Địa chỉ toàn cầu tại Việt Nam uy tín chất lượng  - Bảo hành bảo dưỡng nhanh chóng  . Được uỷ quyền phân phối từ các thương hiệu nội tiếng trên thế giới', 5, 'LP00002', 7360000)
INSERT INTO SANPHAM VALUES (N'Nhẫn Smarca Vàng H71621', N'SP00014.png', N'SP00014', N'Dây chuyền , nhẫn , trang sức vàng bạc uy tín thể hiện đẳng cấp', 2, N'Địa chỉ toàn cầu tại Việt Nam uy tín chất lượng  - Bảo hành bảo dưỡng nhanh chóng  . Được uỷ quyền phân phối từ các thương hiệu nội tiếng trên thế giới', 4, 'LP00002', 54300000)

